<PAMDataset>
  <PAMRasterBand band="1">
    <Histograms>
      <HistItem>
        <HistMin>166.4302062988281</HistMin>
        <HistMax>177.3277740478516</HistMax>
        <BucketCount>256</BucketCount>
        <IncludeOutOfRange>1</IncludeOutOfRange>
        <Approximate>0</Approximate>
        <HistCounts>1|1|0|0|1|2|1|2|2|1|0|3|1|0|3|0|1|2|0|3|1|1|3|3|2|2|4|4|3|3|0|1|3|2|3|1|2|1|3|0|0|1|0|1|0|3|0|0|3|0|3|0|2|3|2|2|0|3|1|2|2|1|2|1|4|1|1|1|5|6|8|11|6|6|4|7|7|10|7|6|7|8|4|6|11|9|5|9|9|3|1|5|3|1|2|2|2|2|5|2|2|3|1|2|3|3|4|2|1|5|1|0|2|1|3|1|1|5|3|1|4|0|0|1|2|0|2|5|2|1|0|3|0|3|2|3|2|2|3|1|1|0|1|2|3|1|1|2|3|1|2|2|2|1|1|2|0|1|3|3|1|1|1|1|2|1|1|2|0|3|3|0|1|1|1|3|0|0|3|4|1|0|2|0|2|1|1|1|0|0|5|2|1|2|1|1|0|1|2|1|4|3|0|1|0|1|1|1|0|1|3|1|1|0|2|2|0|1|4|2|3|4|1|3|1|3|0|2|2|0|6|1|2|7|0|0|9|2|11|5|4|7|1|11|1|8|3|6|6|14|10|6|6|9|12|1</HistCounts>
      </HistItem>
    </Histograms>
    <Metadata>
      <MDI key="RepresentationType">ATHEMATIC</MDI>
      <MDI key="STATISTICS_COVARIANCES">10.98753541984533</MDI>
      <MDI key="STATISTICS_EXCLUDEDVALUES"></MDI>
      <MDI key="STATISTICS_MAXIMUM">177.32777404785</MDI>
      <MDI key="STATISTICS_MEAN">172.30442942744</MDI>
      <MDI key="STATISTICS_MEDIAN">171.430267</MDI>
      <MDI key="STATISTICS_MINIMUM">166.43020629883</MDI>
      <MDI key="STATISTICS_SKIPFACTORX">1</MDI>
      <MDI key="STATISTICS_SKIPFACTORY">1</MDI>
      <MDI key="STATISTICS_STDDEV">3.3147451515683</MDI>
    </Metadata>
  </PAMRasterBand>
</PAMDataset>
